{
	"description": "项目配置文件。",
	"setting": {
		"urlCheck": true,
		"es6": true,
		"postcss": true,
		"minified": true,
		"newFeature": true
	},
	"compileType": "miniprogram",
	"libVersion": "1.9.9",
	"appid": "wxace421283e06f7da",
	"projectname": "%E6%96%87%E7%BB%8F%E8%AF%BE%E8%A1%A8",
	"simulatorType": "wechat",
	"simulatorPluginLibVersion": {},
	"condition": {
		"search": {
			"current": -1,
			"list": []
		},
		"conversation": {
			"current": -1,
			"list": []
		},
		"plugin": {
			"current": -1,
			"list": []
		},
		"game": {
			"current": -1,
			"list": []
		},
		"miniprogram": {
			"current": -1,
			"list": [
				{
					"id": -1,
					"name": "发现更多",
					"pathName": "pages/more/index",
					"query": ""
				},
				{
					"id": -1,
					"name": "课表查询",
					"pathName": "pages/core/table/index",
					"query": ""
				},
				{
					"id": -1,
					"name": "空闲教室",
					"pathName": "pages/core/room/index",
					"query": ""
				},
				{
					"id": -1,
					"name": "图书馆藏",
					"pathName": "pages/core/lib/index",
					"query": ""
				},
				{
					"id": -1,
					"name": "考试安排",
					"pathName": "pages/core/exam/index",
					"query": ""
				},
				{
					"id": -1,
					"name": "今日课程设置",
					"pathName": "pages/core/set/today",
					"query": ""
				},
				{
					"id": -1,
					"name": "学号查询",
					"pathName": "pages/search/id/index",
					"query": ""
				},
				{
					"id": -1,
					"name": "使用帮助",
					"pathName": "pages/more/help",
					"query": ""
				},
				{
					"id": -1,
					"name": "关于课表",
					"pathName": "pages/more/about",
					"query": ""
				},
				{
					"id": -1,
					"name": "文经新闻",
					"pathName": "pages/core/news/index",
					"query": ""
				},
				{
					"id": -1,
					"name": "早起打卡",
					"pathName": "pages/core/check/index",
					"query": ""
				},
				{
					"id": -1,
					"name": "关于打卡",
					"pathName": "pages/core/check/about",
					"query": ""
				},
				{
					"id": -1,
					"name": "打卡列表",
					"pathName": "pages/core/check/list",
					"query": ""
				},
				{
					"id": -1,
					"name": "文经校历",
					"pathName": "pages/core/calendar/index",
					"query": ""
				},
				{
					"id": -1,
					"name": "教务查询",
					"pathName": "pages/more/zhiwei",
					"query": ""
				}
			]
		}
	}
}